ref_name;ref_surname;username;password
Håkan;Svensson;håk_123;korvkiosk1
Lars;Hultgren;lasse34;korvkiosk2
Sven;Larsson;svenne99;korvkiosk3
Mustafa;Saidov;saidov_1996;chai_latte23
Annika;Mårdskog;skogsbär1856;chai_latte24
Andreas;Pettersson;andre_23;chai_latte25
Ibrahim;Elmi;ibra_1989;dogecoin_moon1
Maria;Yeltsina;maria2000;dogecoin_moon2
Göran;Persson;persson123;dogecoin_moon3
Lisa;Bergkvist;lisa_berg;dogecoin_moon4
